{
  "roc_auc": 0.9499825516691702,
  "precision": 0.980869727510265,
  "recall": 1.0,
  "f1": 0.9903424883403212,
  "precision_at_10": 1.0
}