{
  "roc_auc": 0.0,
  "precision": 1.0,
  "recall": 0.6779513888888888,
  "f1": 0.8080703569580963,
  "precision_at_10": 1.0
}