{
  "roc_auc": 0.990950448674844,
  "precision": 0.7882736156351792,
  "recall": 0.7934426229508197,
  "f1": 0.7908496732026143,
  "ndcg": 0.9905879826718527,
  "ndcg_at_10": 0.9999999999999998,
  "precision_at_10": 1.0,
  "label_dist_grade_0": 0.8910590277777778,
  "label_dist_grade_1": 0.029513888888888888,
  "label_dist_grade_2": 0.030989583333333334,
  "label_dist_grade_3": 0.0484375,
  "threshold_used": -4.523618681617275
}