{
  "roc_auc": 0.9283764170227443,
  "precision": 1.0,
  "recall": 0.6216344781657311,
  "f1": 0.7666764447051921,
  "precision_at_10": 1.0
}