{
  "roc_auc": 0.9899699290901767,
  "precision": 0.9155470249520153,
  "recall": 0.9426877470355731,
  "f1": 0.928919182083739,
  "ndcg": 0.9999042643289293,
  "ndcg_at_10": 0.9999999999999999,
  "precision_at_10": 1.0,
  "label_dist_grade_0": 0.7986111111111112,
  "label_dist_grade_1": 0.025694444444444443,
  "label_dist_grade_2": 0.029253472222222222,
  "label_dist_grade_3": 0.14644097222222222,
  "threshold_used": -5.486586305344935
}