{
  "roc_auc": 0.9952607463596072,
  "precision": 0.8695233509870005,
  "recall": 0.892292490118577,
  "f1": 0.880760790051207,
  "ndcg": 0.9981214634890939,
  "ndcg_at_10": 0.9999999999999998,
  "precision_at_10": 1.0,
  "label_dist_grade_0": 0.7986111111111112,
  "label_dist_grade_1": 0.025694444444444443,
  "label_dist_grade_2": 0.029253472222222222,
  "label_dist_grade_3": 0.14644097222222222,
  "threshold_used": -6.4100958502032395
}