{
  "roc_auc": 0.0,
  "precision": 1.0,
  "recall": 0.5006076388888889,
  "f1": 0.6672065714120438,
  "precision_at_10": 1.0
}